{"i":1000,"val_loss_history":[1.476562737989],"val_loss_history_it":[1000],"forward_backward_times":{},"opt":{"max_epochs":50,"checkpoint_every":1000,"batch_size":50,"memory_benchmark":0,"init_from":"","grad_clip":5,"model_type":"lstm","lr_decay_every":5,"print_every":1,"wordvec_size":64,"seq_length":50,"input_json":"data\/training20.json","num_layers":3,"input_h5":"data\/training20.h5","reset_iterations":1,"rnn_size":680,"dropout":0,"checkpoint_name":"cv\/checkpoint","batchnorm":0,"learning_rate":0.002,"speed_benchmark":0,"gpu_backend":"cuda","lr_decay_factor":0.5,"gpu":-1},"train_loss_history":[5.361255645752,4.2199897766113,3.8012340068817,3.6146664619446,3.1768686771393,3.1480054855347,3.0808560848236,3.1990468502045,3.0845313072205,3.2005186080933,3.1233932971954,3.1240203380585,3.0790812969208,3.0017838478088,3.1115479469299,3.0037205219269,2.9986004829407,2.9824426174164,2.9724311828613,3.0435192584991,2.997974395752,3.1249630451202,2.937023639679,2.9273979663849,3.0012202262878,3.0040030479431,2.9889204502106,2.8790245056152,2.8815314769745,2.8106920719147,2.7170569896698,2.578964471817,2.6629047393799,2.6926689147949,2.6026582717896,2.534152507782,2.570422410965,2.61168217659,2.6024396419525,2.5544099807739,2.5333390235901,2.4509854316711,2.4920303821564,2.3804244995117,2.4007415771484,2.3843898773193,2.3686141967773,2.4354631900787,2.4248607158661,2.4923787117004,2.3954758644104,2.4305028915405,2.4324703216553,2.3812379837036,2.4081959724426,2.3571090698242,2.3393981456757,2.398294210434,2.3149316310883,2.3237597942352,2.3195862770081,2.1369137763977,2.2309994697571,2.1282939910889,2.1511836051941,2.0738086700439,2.1223051548004,2.1234321594238,2.0757811069489,2.0901968479156,2.1030592918396,2.0949018001556,2.1424565315247,2.1122500896454,2.1653096675873,2.2037975788116,2.2968921661377,2.2614002227783,2.2632372379303,2.2865951061249,2.1973168849945,2.316798210144,2.1493797302246,2.2588272094727,2.2499661445618,2.185585975647,2.2772407531738,2.2275240421295,2.3416533470154,2.2886741161346,2.3133630752563,2.3673505783081,2.3757746219635,2.2902140617371,2.3213798999786,2.264684677124,2.3911833763123,2.2677676677704,2.3910422325134,2.3086256980896,2.3577213287354,2.3710548877716,2.3055922985077,2.3329946994781,2.2530317306519,2.3424909114838,2.3154497146606,2.2921547889709,2.2432076931,2.2439615726471,2.2116508483887,2.2204174995422,2.1624398231506,2.1383862495422,2.1928091049194,2.0924413204193,2.0051331520081,2.0415933132172,1.9796041250229,1.9756715297699,1.9247502088547,1.9081857204437,1.8771673440933,1.960594534874,1.8972927331924,1.8750890493393,1.8081023693085,1.8471355438232,1.8084183931351,1.846602678299,1.9358966350555,1.9955657720566,1.9277248382568,2.0400202274323,1.9411764144897,1.9243307113647,1.9486169815063,1.9258452653885,1.9636855125427,1.9763082265854,1.98617208004,2.0707230567932,1.9904097318649,2.1264431476593,1.9020199775696,1.9732185602188,2.0380971431732,1.9387527704239,2.103545665741,1.9067816734314,2.0251848697662,1.8528596162796,1.8786472082138,1.8184468746185,1.8476427793503,1.8519290685654,1.8602328300476,1.7192859649658,1.8071662187576,1.7396246194839,1.7312614917755,1.7112525701523,1.7111158370972,1.68394780159,1.6076737642288,1.7156544923782,1.6548056602478,1.6739666461945,1.7078086137772,1.7108374834061,1.6549048423767,1.675444483757,1.5873254537582,1.6492443084717,1.5717642307281,1.6028380393982,1.5271649360657,1.5172990560532,1.5640540122986,1.4945627450943,1.5575153827667,1.4871227741241,1.5808372497559,1.6928232908249,1.6130681037903,1.7174398899078,1.5846552848816,1.740584731102,1.7385685443878,1.7211468219757,1.8280447721481,1.8162066936493,1.7511457204819,1.8789184093475,1.7066556215286,1.8419978618622,1.6989847421646,1.8285077810287,1.7412933111191,1.7746390104294,1.7548054456711,1.7173459529877,1.7576105594635,1.7176505327225,1.7514324188232,1.6649622917175,1.6676189899445,1.6573040485382,1.6637942790985,1.6409337520599,1.667121052742,1.6417285203934,1.6211963891983,1.6810764074326,1.6305001974106,1.6939923763275,1.660182595253,1.6437933444977,1.6140593290329,1.62850689888,1.6518768072128,1.6646009683609,1.7105538845062,1.7167695760727,1.7360701560974,1.7585554122925,1.7131642103195,1.7627460956573,1.843652009964,1.7651216983795,1.8122390508652,1.761868596077,1.7479737997055,1.727481842041,1.752090215683,1.7534269094467,1.7178138494492,1.7703309059143,1.7019683122635,1.7714480161667,1.6951032876968,1.7193211317062,1.6925529241562,1.6697763204575,1.6912679672241,1.6434986591339,1.6695162057877,1.6472066640854,1.6071532964706,1.6331732273102,1.5474971532822,1.6334367990494,1.4691379070282,1.5857237577438,1.4896183013916,1.4973437786102,1.5105381011963,1.4394690990448,1.5115878582001,1.4528337717056,1.5398482084274,1.5812519788742,1.503889799118,1.6317780017853,1.5110037326813,1.6297096014023,1.5548737049103,1.5465085506439,1.6045206785202,1.5083377361298,1.5794818401337,1.4745092391968,1.516083240509,1.4878309965134,1.5187163352966,1.5044628381729,1.472489118576,1.5492128133774,1.5731461048126,1.5964938402176,1.6228775978088,1.6078723669052,1.610659122467,1.546553850174,1.6470164060593,1.501767039299,1.6237754821777,1.5208388566971,1.5624008178711,1.6076041460037,1.5362091064453,1.6256561279297,1.6267286539078,1.6588115692139,1.6350127458572,1.6986463069916,1.7422152757645,1.6351525783539,1.7672238349915,1.6541662216187,1.6972863674164,1.6462059020996,1.7173120975494,1.6257588863373,1.7050924301147,1.6194969415665,1.7090837955475,1.641045331955,1.7118220329285,1.6527193784714,1.7086120843887,1.6404142379761,1.6449075937271,1.6469357013702,1.6311274766922,1.6317201852798,1.5743860006332,1.5564060211182,1.6118643283844,1.6016215085983,1.5977765321732,1.5685176849365,1.5783983469009,1.5306742191315,1.564017534256,1.4650353193283,1.5543209314346,1.5334094762802,1.5756096839905,1.5557626485825,1.6029099225998,1.5772820711136,1.6033492088318,1.5973432064056,1.6827499866486,1.6061451435089,1.7949913740158,1.5646978616714,1.7483415603638,1.6101351976395,1.6399353742599,1.5831948518753,1.5891282558441,1.5937470197678,1.5505415201187,1.5379478931427,1.5519244670868,1.5442895889282,1.5646207332611,1.4591153860092,1.5060694217682,1.461230635643,1.5079711675644,1.4985309839249,1.4695330858231,1.4995294809341,1.4619078636169,1.4974375963211,1.4563229084015,1.5262756347656,1.4687640666962,1.514303445816,1.473210811615,1.4643875360489,1.4098054170609,1.3950440883636,1.4018088579178,1.3611837625504,1.3827555179596,1.4826486110687,1.4238251447678,1.4345172643661,1.4085327386856,1.4311493635178,1.3566572666168,1.4160342216492,1.3777407407761,1.4079487323761,1.3859325647354,1.4170341491699,1.3961043357849,1.470797419548,1.4431953430176,1.5275793075562,1.478785276413,1.5076105594635,1.4688723087311,1.4462959766388,1.4840919971466,1.4625515937805,1.4690889120102,1.4918726682663,1.442305803299,1.488663315773,1.4247359037399,1.4810404777527,1.3951958417892,1.4371085166931,1.4263290166855,1.5122678279877,1.4199794530869,1.4088106155396,1.4259411096573,1.4400174617767,1.428223490715,1.4422755241394,1.5064280033112,1.4871256351471,1.4917567968369,1.4995336532593,1.4887359142303,1.536847114563,1.5163773298264,1.5372549295425,1.5336924791336,1.6137239933014,1.5393495559692,1.544236779213,1.5604423284531,1.529857635498,1.5836329460144,1.5173337459564,1.5837197303772,1.4793660640717,1.5846728086472,1.5993363857269,1.576714515686,1.5659350156784,1.5209918022156,1.575691819191,1.5334261655807,1.4979140758514,1.4924954175949,1.4732279777527,1.5065500736237,1.410879611969,1.4882155656815,1.3923890590668,1.4389135837555,1.3871850967407,1.3904494047165,1.3520607948303,1.335547208786,1.32479429245,1.3039017915726,1.3336147069931,1.3128619194031,1.2797524929047,1.301766037941,1.2929977178574,1.3248518705368,1.3430888652802,1.3272799253464,1.3187667131424,1.3416352272034,1.3270995616913,1.3144404888153,1.3122298717499,1.2917062044144,1.3127902746201,1.3290121555328,1.3125851154327,1.2880367040634,1.3556979894638,1.3556371927261,